,BlockNum,BlockSize,Pending,Gas,BlockHash
17,3412,30,30,1276818, (0x30f06a7e6dd384cd39ce9d6eeb308a3ea2a0b48010b88b6565d369113d84094a)
18,3413,100,44,4256120, (0xd625bd17b2d2f57a0c016d0894d9c0619061cfde3bf6cbb1839e0df1a60f495d)
19,3414,100,34,4180460, (0x1f3ff69ff8f7d6fce8decf1ff8f2d1516b9c61d079fd95b07602774d5d7fb050)
20,3415,100,40,4180460, (0xb028c1409085b4b03ecc45c64fb8f2b1f27fbddbbfd0d5a370fa9f2c235c3f4e)
21,3416,100,30,4180460, (0xe9aa30cf8441b3769a1e13c90348f8e509eb2c178e6271140c4b83199b26d730)
22,3417,100,30,4218860, (0xd408407d4a5fc2a1d6119a1823a5c3ea4894f08a353cea675497132b0606045f)
23,3418,100,25,4218860, (0xffec74faaadc11217a9f3ef24635e3beffde8731092a1a3af660e4c131bdbe29)
24,3419,100,24,4180460, (0x44ce22c540f0aae4bddbea3e003eaafab28e101f2e7b1bcd8989b228309e666e)
25,3420,100,18,4180460, (0xef2728e4c143bec654d999c5601e3847d7a8b4eca707b6fdc6b550ef66b95ceb)
26,3421,100,15,4180460, (0xe8f0e92163900ad33639d5c0034ae9506b152c253feb98d17827e3382f79807a)
27,3422,70,0,2980082, (0x8ff9f8ac66300cf5a35423bbf2f535ce8bc2d63b59edbef03ed68f99ca8d52ff)
44,3455,30,15,1057470, (0x11461f869f64ae15fa42070524762caba03cd502a41cac23a586adaaed838a85)
45,3456,100,35,3524896, (0x9c59e7a99b16274cbed90a988ad58b31b706396cf239cb235394ba3ef12334c2)
46,3457,100,24,3516508, (0xce5cfde3b8fa6ef98ba6694216225b9d3f74ac27ab0ddb554f4e193da4b25fc3)
47,3458,100,22,3516592, (0xdc51b49703572c50f940ed3f3a26f1f937366ed2c2ecf37742c2bff09030cff8)
48,3459,100,20,3508132, (0x8e383bb94ef4035abb5f11629f3ae809d79eb86679eae3e325e8fbf4f058b0c6)
49,3460,100,21,3516628, (0x772d342a760a80c1d0631d251a8bc0d7523abe65791c8991a015bcc1c64d409e)
50,3461,100,20,3508108, (0x193f27f263f617996a35660345a29e7a7e0ed11631dc1f83ffa8f5ebc2e2af91)
51,3462,100,20,3525004, (0x2dfd5d4a4bac2a0cc172b4c9607c27c512edf135254de07cda5621ca48d21c2b)
52,3463,100,25,3525052, (0x40595b4ae0493c8a65398345edf611d3142327dcf1b5a9584a00a64042bbc4d1)
53,3464,100,25,3524932, (0x06121e5198a9017eb27321d48e3c78499ddcec2161261b68d928a2306b022305)
54,3465,70,0,2467462, (0x26626f62ee1823efa8117ba156432040881330d67a4edad67c6fee3a35d61936)
65,3490,1,0,343600, (0x304baffedb9e59d17c35cb571e9697782472c4ad5fc93a86dccf534f8d7abd39)
67,3493,40,10,1702424, (0xe7ac3eee1629fda916be2396ba988c46619e52c9cfb8f64fe77392c806a4daed)
68,3494,100,23,4217840, (0x87689740af459dbf26577180bc4f7ccef1e25a6019c9ae9758ea12b12343022d)
69,3495,100,18,4218860, (0x506ef0a334b90007e144aadf79d4b8dd4c4e8fb9c60a510aec46916dfed656b0)
70,3496,100,15,4180460, (0x05de8b8d5bb8c6d59beaf7e7b7a86e4c82352c8f36b363a7c757336048068ac4)
71,3497,100,15,4180460, (0x87e63261f819b412adfe6732140a6654b2e6db0f46d224670237ef81be0d365e)
72,3498,100,15,4180460, (0xa8ef5573a8333934ad339d26709158788d31135c57730b0bf53329fcd790b0f8)
73,3499,100,15,4257260, (0xe4aca7dee668f40e7ef6263911528ddc298528ed09b6790382bef5a34c0e76d5)
74,3500,100,15,4180460, (0x7af5e31bb4092edaf885cee01a03cb32cbe2054479ff123def922087db971a72)
75,3501,100,23,4180460, (0x9be243182595926b75bd38efcc1c4385af9719797eb091727ae814a1ca63e7d9)
76,3502,100,19,4180460, (0xfa5fdfb407600f91674ff90e5c25404ca9c37eeb4538b9445f8498e905f2d41d)
77,3503,60,0,2554356, (0xe93c15c492eba876e653d3313ec3b65d5ce6841664bea7356c6066e6004777ef)
96,3536,30,8,1057446, (0x396f370edb4e37669638c9de7ad979dbf26f7c77f2d96dd5210dcfe306b6700a)
97,3537,100,22,3524908, (0x37bf8e8ae6cfc6ebc4c4a44eb24caad0c8b6bbf864faa83ef245ac60ca9f1c15)
98,3538,100,20,3524884, (0x8614133c4dc836174463ead0d7408a33a15eac40e55a7490bb74033427085f9a)
99,3539,100,20,3525004, (0xe99004bb962dafc3bab23e62f1c9c75896536a2af0478b2907718b308f392633)
100,3540,100,20,3524932, (0xfc0abb3760c433cb5151808060a6ffade9d124fa269ae1eb2a2fbcd2afeda491)
101,3541,100,21,3516592, (0x465e1d31a7819f908714f7156bd4768e124f5c3e8853eff071b6e1576eb040dd)
102,3542,100,20,3516484, (0x148398aac613076c0e0250fea5efaf4dd539d5669c78f80c576a5324a8d133d3)
103,3543,102,17,3587010, (0x21d8f9cb491d4a1f9f493cd92539de7c46ec99b02eeaf6443a0e482bd23fd0b9)
104,3544,98,20,3445958, (0x28b1b887fe98484d579bd04167d6510104568c053567595896040c04eb17bf92)
105,3545,100,20,3516544, (0x3722dbe599f12f097e923ebd465d42c809280bdca3e188aa92343418988b45db)
106,3546,70,0,2467414, (0x42a9141a14dde4c2ba79829bae60f54c2f24ab6d5d607cfb23c4501daac2396a)
123,3572,70,10,2979242, (0x18628df06f1996aad07504d7ede0d9d511f6ae02f4b77804c216409430068af6)
124,3573,100,12,4179800, (0x8338e9df0d62fc8fed32a82a0d2c0c3327dddc26d87339d328b8cba3538c53c2)
125,3574,101,11,4261435, (0xb6fe35b05435a61e7b197371de12c915bc526ef6b734623cdc696dee69f72a72)
126,3575,101,19,4261435, (0x627ee00c8386492eae3b57cd760e4e4fc90d408728f63906e597e338136a3bfe)
127,3576,98,17,4095310, (0x8b08ea3dcdd2270effdf21a1c47f57d932fc58939657ba9bda9c7a5ba5f17efe)
128,3577,100,11,4180460, (0xf66ae7e3e5779540b64be79ae6b1b4224e0151bd4c71a8ca9c8e49cff206e125)
129,3578,100,12,4180460, (0x0bbf5715810674b58feafc18b3494f3f60f108bca15de99e77aea7ff1a9f67fe)
130,3579,100,14,4257260, (0x24aabad5525dbde5563a0e8af45213793ee77bf2a937cdd994eb1db96144876d)
131,3580,100,22,4180460, (0x648aff5be33a89a1b55c067923a9a6ba4e45905b33d2002ece4ed44c6eaa1cf1)
132,3581,100,15,4180460, (0x57fcc01f22a511f5a4c2887b1620b7d1d59921fb0c37afe9f7cfe316b1b4d3b8)
133,3582,30,0,1277178, (0x6df091da3ae1c918fb7cf6fe06ce3dbb20ba9c05dd0e0d56e48f9cd06973cabd)
161,3615,41,11,1445249, (0x3b45aaa8af7c1882a8294363963d0cc019973d4fb7fcb8ce9b9b1297e1d9d2d1)
162,3616,99,18,3489675, (0xb0d1949b7241339e9dd1efd0f7a7752f53fec49f20227b7931cfe6a637f77d6b)
163,3617,100,16,3516580, (0x176e8cf7c8904dcf4b38f71a2956be029ea592c2955afa28fee4982ecfa31217)
164,3618,100,15,3524920, (0x87dcf7be4f012c421462ce8d3b28db7f7fa5eec4548519d8989ceec18845f7c2)
165,3619,100,15,3525016, (0xcb0eef225a184311bbf5da4246af90bd3d3000aa0aab2815fd77b83689a2fe35)
166,3620,101,14,3560129, (0xb9f7973db890c2f640b2c7aa5e60f50b7e20fb13a29900a24d5dfa88bce2601b)
167,3621,99,17,3481251, (0x56236598280830401247b30ca01b9f96cf9a156c2e23ded0a7bce1eda7cbf139)
168,3622,101,14,3543413, (0x3bfbb524e3de486e5aa8793b500a11685068260bebbefe06f30919b682f2742e)
169,3623,101,18,3551789, (0x6e6355ab6b175286ec363e3b3aec7b77c12a0d4ad8ea5b77ba680ffb9c0cdccc)
170,3624,98,20,3446078, (0xd452d229f50745017062b93f46b6ac135cdd78e8710da53e4e9eefa0e01eb90f)
171,3625,60,0,2106552, (0x37a908b9eef1f83b7a6a1c3c175eaea61c25ef42e753e47b795ae205cc3c08f4)
188,3656,1,0,343600, (0x815499df4ade9057300629bf71b501790b6cb44d74e6d689e78b9b59016579c5)
191,3659,69,16,2936679, (0xe5139e9e0cc5c90fa8695624158d88cd4c8f23ce61639ba134dea0a534b3cf03)
192,3660,100,11,4179788, (0xfc4c3b281af351792ba1d4f2cc99df7820d77f8e83fc8c107e2da0a41410ae5a)
193,3661,99,12,4195497, (0x61ab9d785b65ae5a3cdb8b1a0f37066270e4423568328a35afddc940aab0ab0b)
194,3662,101,11,4242223, (0xfac7332ea881f6165c4041f25c16c4900c4198d12414db5c1c833d2ade217642)
195,3663,100,13,4180460, (0x08aa7ba816fec8ae38706097e9ad4cd90f9c00207d8aa4808833936f09c44b13)
196,3664,99,12,4137897, (0xb6984c15be771fdacf6b86eb3f3e14dafb4265bced645bbb74b77bf90b9b9f54)
197,3665,101,11,4223023, (0x3f596aad8cc9d94ff47de5b9a1def77d91c7d5b5f73a4c8c80c302fbbfabaf7b)
198,3666,100,11,4257260, (0xef4fc80047e26f0eaa44dc3be1a733f92204d0c1dc84c5c8999613d30d39598c)
199,3667,100,10,4180460, (0xde38bc04f2740462b160c0ed29a48f093535093e5014a3ee52302de26efb85ae)
200,3668,100,11,4180460, (0x8ca7c6e9e0bddfbe5c0da1e2aabd6a8f667fd1f3dfc9693a017b1acac2b2b863)
201,3669,31,0,1319753, (0x8ddb6c7e352d251bf1a5f852d4165454e4782415d61d3f8c1e25ec1ca81f79e0)
223,3702,50,13,1754054, (0x7950db777038e985f997e711f75c5cd2100d5d49814d5b94c18eabb0badb8063)
224,3703,100,20,3499756, (0xb1d84ecfa2d9b33851fac6dda0aac8e3f63fff9a95d61e3fe3b19da7f16b7e39)
225,3704,100,15,3524956, (0xa7bb67ab6c9cc3f911f89266165f1e519a35a997110a88a1fb437cb6e38b8a32)
226,3705,100,18,3516592, (0xe62d34d6fc4849a7e9a17c8226b0a1b9f626c42321ad5efd8314c4a25a58d4de)
227,3706,100,15,3524896, (0x315086a03a673a0612203c1f34cc53ad6bad598cb0d6478aaec98b35d17c3ebc)
228,3707,100,20,3516520, (0xb9a93e36a0662ecfa276d3b5d63d24ad4de3500455f11133552c23056ba32bec)
229,3708,100,15,3524896, (0x38cc6aa326c75cdf62f7372509cbdd5f47e243d04e85e91a85b2f6fc539b8ffc)
230,3709,100,15,3516448, (0x976e8f137ee963e76d84fe2ebeeb7004b79b80da90fa60f62c3e45438e3fa7bd)
231,3710,99,16,3489615, (0xef6503f417330f3027ec2fafbae7c890068fc23e10b47dabc726703085b29c4c)
232,3711,101,15,3560201, (0x0543b8008025fe177a756fd967ad9a93ac743095ed017bc80f24a1a780093302)
233,3712,50,0,1762454, (0x9c4c47e66470db1f898ca86d87fbb1215d91a6fb4b5c8965cb468e19df8ddf3e)
253,3741,70,15,2979242, (0x929395673200f3a19c9bb0423b214d0c8b149a28c09ca48372692562342fe585)
254,3742,100,10,4179800, (0xa76593dc7fbedb2f7b17607c5fab3e4a378c46bc7406eb016bfb35ff0c0f6590)
255,3743,100,13,4218860, (0x4d4c7745da463fb4d98f6da3f6cbfa05165d39a71d05c1a94ce5eabf0f2767b4)
256,3744,100,10,4218860, (0x3ca09778fc657f2b6c251f38da6cb5c422bbc9c60e5456e6e58b341a2e787a34)
257,3745,100,10,4180460, (0xc5b529f03fefe3a3e5d457ba928096f1b97f9e9cf7e627c7fc9278a8cd16777a)
258,3746,100,11,4180460, (0x740bf0c1e126af70440a1f68a1056d5118cdabcb279216bd6ce48db0731970cc)
259,3747,100,15,4180460, (0xe69bfc0836624b6c79b5deee66f1f5821568ac891277c174cd48c4c504648ca6)
260,3748,100,12,4257260, (0xf5be3d8629c5492c8d9d4befd22a611e258c6e8cf05a48511d75f7e6dd3120f4)
261,3749,100,13,4180460, (0x00891d2e362631a40e1e8f59b19db2a70a526fe1661fc55bf32a379df7d5a857)
262,3750,100,12,4180460, (0x5a28264806553408d22023a2e0ae2a6ef05d6f5ec7b909f87cd6683cf514dbbc)
263,3751,30,0,1277178, (0x6ab75de9ff03c0aa430418365a07c59bc3536db00c1389c2c4a7d7174c51be55)
284,3784,55,10,1938775, (0x6e2d805a8f297294b83e7666b0f3d196de3753b8e691e49e801372818922488e)
285,3785,100,16,3516436, (0xb78527e4b23aa7479aae27a2fc242060541d1c1a506d84dfa06dd28eaee2fbb1)
286,3786,100,15,3516556, (0x7d695f3c0a411bab8dd91a9faf0b9c03ce3ba65aa5407a9ada8a8950bad84117)
287,3787,100,15,3525028, (0x67d244aba1f51b7a70a3e75ff490cb5f9e1121600457280a4cc88ae2d001110f)
288,3788,100,15,3524884, (0xaa39cd3afd30c48f572d959207e823255eba850fd295923948bf7bbbc3665d94)
289,3789,100,15,3524944, (0xd1867c49ebfedc2afe13f1d64daaa76fee7f10b0d800f622aa193d68d738c023)
290,3790,100,20,3524980, (0x9d26214b320d5b48a10f09c25e042587e7825b79739dcd0a39c6ab155e41c5a4)
291,3791,100,20,3508096, (0x9f8f88846fd0d89b4e66b0a963103ef827e80e6f58e56fd92d33d3af69353721)
292,3792,100,15,3516568, (0xa182920dca84c34818783b615cd42a143273a28c37353c9753b7cb219a57498e)
293,3793,100,15,3524920, (0x2524035bd150535f1f3627049e33fcb0ddb2d86fc84c6101fa0ce114635654ae)
294,3794,45,0,1586157, (0x4b3f53b79104ddbea08b20fed0248cb21b4fa9890b819e56c3f24202ecbc1c68)
311,3819,1,0,343600, (0x6adec1a5670b33be8892c4d1503fedc396a9716beec150a356d44017082534b4)
313,3822,130,34,5532938, (0xb5fa6bcce9e30bb74cb23605e808fd75c39274b65f0c6f8162b1870bf2f99a74)
314,3823,200,48,8360920, (0x66e4e0d8ac3007a182b155712da18444de677d1e77680eae9384a8e95b32e2f6)
315,3824,200,42,8399320, (0x87a02de6f52c3488671b2c0d7c358df2755b5e0306b6e9ff7f68b71add2505d2)
316,3825,200,45,8399320, (0xc3d7d0fd4a2015af3f93f7b2ffe077946ea978edc159099a4be7fb18f762bfd8)
317,3826,200,44,8360920, (0xf1aa849d7438999f54f3f86177be0755a6576c385015eef8563f56579eae9ebb)
318,3827,70,0,2980082, (0x7d0111467b92172b5f7ba4004604666f7062c8b51974158d2ccdf64c8638d35f)
343,3855,82,37,2890438, (0xc5e10d0bc337b1ee0bca0315b7294cf0e4cae7d04a899ff0b3b35cd2964c7901)
344,3856,199,58,7014739, (0xc3dc11886cfdd30d5674162484e4d7376bed7cf01e8110cc14d1cae4b193be74)
345,3857,199,55,7014715, (0x3c7d37198186d310ca7ff520ee95040fda9b044338954d23bd12da02ec9ca5ea)
346,3858,200,57,7049624, (0xa893914e0c04ca99c0f1f436dce26b6d0f51bcb18554f24e93acacf2b2e34d95)
347,3859,201,63,7068309, (0x2c5f7f2b1bfa881208ef0f12194f651198423d5358b90eb517b06a81cf479bbe)
348,3860,119,0,4177847, (0x1f9e144080e138b431a8f855e60be4bc0065103e2d268b7c6fb368d118df19ed)
365,3883,1,0,343600, (0x05772275152e56014666d46fcdb142cfa158d7a103558dc2ab3256fe72ee5b7f)
367,3886,126,27,5362650, (0xbb2a3ac936b0a1dd3a7178fa0abd300c763d944cd4d8a1463997d1b9191e54c5)
368,3887,198,38,8275770, (0x464e38f8d6551499810e178c2004784d64e7e43e6de24dfed5e2f05bbebd021c)
369,3888,199,41,8375945, (0x53bbfda8e6a9d2aaff97a262c0a7d1d61eb31d2f481007f2476347ac444a708a)
370,3889,200,39,8380120, (0x725b0b91e9eff7e1edf06bc5c84bf88ebb2e49d5abc91bddfe73b5dec02e3a78)
371,3890,200,58,8380120, (0xd21b30c5e937b2926f00db009c149436c3eecde978e580deeef0b34be72de11d)
372,3891,77,0,3258895, (0xf83ee7e36e8e5cf0be45208a573285a93ee05cccabaa547bfdc626c4a4497ef4)
396,3919,70,25,2467438, (0x60cb6589cc1cea025252deccfc03b27dd87adec85a8d1e253f8f7eb1ebf0e28c)
397,3920,200,58,7049876, (0xd1228d2b155ad3c43537f5c68ea6a717c9e627a844258d77555b40be5ad4c236)
398,3921,200,51,7041572, (0x770c63ef73568f64f27f3ae7ced66de6cd71354ac5e312d07e400927c473f21b)
399,3922,199,54,7006231, (0xed5bb0455c26f053e38ecbd33665748d8363ea0c8294402c8524a2551a43acdc)
400,3923,201,55,7076649, (0x6fa1ca378187f26fc9e9b81d4f45df65370c71806396f414f91b7c0c23eb9812)
401,3924,130,0,4573978, (0x04e14ea2eb3a41480ff190ead538e5011ddba2da6a04c79f37ee5ad327858570)
412,3948,1,0,343600, (0xa83193fca0bc4b8355f708a337c51d3c581daac84eba2f093d41d74abd539db5)
414,3951,140,29,5920264, (0x5ac2adcf3ae4c7b1e57bea48e5fb183b329601b2123a3eb7c1f3ea757a6d3896)
415,3952,200,40,8399320, (0xfc9f0a13b397f75842f9656fc221d3cee8742454723c63f0362965bb648429cb)
416,3953,200,36,8360920, (0x51853dbcad69de100701406479b71dff28fe77e4d4853dca63639b069afa20f4)
417,3954,200,40,8437720, (0x8a2cf719ef60c890da6086d06fbd2094ec9b3577ee29de2e2fc8a922378ea103)
418,3955,200,40,8360920, (0xf7aaebc5f63a33877cd6048fb9158870ff12cca5ffa434ea690bfd5e4f74b211)
419,3956,60,0,2554356, (0xf4d43ddff4f5f6dd09ed4b97ebdd53eea31b7c9d1372949e4ee0d5e7bfedbce9)
436,3984,71,24,2494271, (0x5b3ddad05664d410fa5a662a0456bf99afc5b02672f1bdc7bed610eb0c37bc7c)
437,3985,200,67,7041512, (0xe8155b5de244fd4d152018334fb294a5e62b65948e6f36120595a06aedd49c69)
438,3986,200,54,7033040, (0x6495543c3a084350c4a3b029be2628c64021020bc6d8022ba66423a220e3e2ce)
439,3987,204,50,7165788, (0x3c20c4f277e37f19a820f7a1f09c2f886e896188532b5b6f81b3c19ee391ab61)
440,3988,197,50,6918977, (0x8e0860bc1fae1673c9820808f699018f89c774ffe116954fde90b3aab0820683)
441,3989,128,0,4511924, (0xc4508ba5e98b47e7a6e9c40dc19c9b1ce06bfc3c8eed3f17f7c40f13fe8df2fb)
463,4019,1,0,343600, (0x800082d5606c5a962346cf3301d25f0b53a382e1571c7462b057fd61123ea984)
465,4022,145,26,6113927, (0xd9e06b142085806a04a92a8228f7e578c0b3b39561739428a4afe84ad699f086)
466,4023,200,40,8418520, (0xafb915c032ed544675f5833815c475d82153110b1090a614c084cf2838334a5d)
467,4024,200,48,8360920, (0x0803b57c9f36b066ba0e67426d25b611e8aaf0618e38db8fe3e59e2ede15d08a)
468,4025,200,48,8437720, (0xa9e429e9cb519194cd5e630e5ce8c60454a086d1eefc2eb6db5f080d8371a86b)
469,4026,200,40,8360920, (0x6f4b405b58e37d1ecf7025e7c85f176a674f130cb1d33ce27362ea9040dda2c9)
470,4027,55,0,2341493, (0xa15dfd7932f870cfebdf0c3fc7d26646b87cf66e0b1afe4f4cb6e90000d68a0e)
492,4055,75,30,2643735, (0xecde179afd241ea17d4508fed41264978c58911bc4575299fbbf0fd11294bdb4)
493,4056,200,65,7024580, (0xcf48952c578e5457df36d0710211e466099ce1215d6934c5f488d1fe54769b63)
494,4057,200,56,7041392, (0x14fd3ed8bcd0c0d50928011182be996cd11b5f1949fd61a8d364896dfc9184b4)
495,4058,200,53,7049888, (0xec6524a94803efb6c6dcfc6f48e46d5ef91999ebc9d62d2c8fd9b561df347b31)
496,4059,200,53,7049828, (0x035391b38294ce0dabeddc95a4099f71361db91bd34a8180e5c9fd40b64d77dc)
497,4060,125,0,4397669, (0x02a89d23affaed5df67a3b7b4254b01da0180bba6d39cb5a35d18ab24d149fe2)
513,4084,1,0,343600, (0x28add233cdfac2a161699af6cbf431536c3c043d7a65a32a09c3ec2fd0c281b5)
516,4087,149,37,6284227, (0xbb7310f1126692d6da5d3c70a11df6636a4e313ef61fc190c64778102aaee685)
517,4088,200,40,8418520, (0x58f7d0c35acfb71c8fd0f92920a8fb57c177073c32f3aa3b7a7dddef33087e13)
518,4089,200,40,8360920, (0x925a69f7a0366ff94d854f48f2dc836821c2cca8104a2fb7cadc575ebb55e269)
519,4090,200,40,8437720, (0xbb91d7349ed93c2877617f6e0949d4500ab81f695a98bb59b0095924710fc957)
520,4091,200,45,8360920, (0x3deae3ff0befae400e4befeb9bad084469e099c9e3927cde3bfa08b5f1ef6d07)
521,4092,51,0,2171193, (0xf1230623661b940cb73261e071fd6d6b03ff81f01d2c71225bcb1ab8afc48b7e)
537,4120,78,27,2749434, (0xde7c344ae498a9f6a35559563ee3d49d3163ea135974ca24d3f64182bd95f4fa)
538,4121,201,65,7076685, (0x61fca7b369e510cde4b4adb461acf78c257fb24506dbbe66147f0d7a806843b8)
539,4122,198,55,6971094, (0x2d0878814eee8d2156bc1e75098a3dd8d5d49c5675f5c878e79771c7cb6f9a1a)
540,4123,203,58,7147103, (0x7cd9f6bdb398ddce2a04494ca8fee77492d6d6ee8566e5e82039e1830f733272)
541,4124,198,47,6979494, (0xe0a2ffa761c51392d3e1e8b5c2eb4618173c71aa6407232646be3fd7b485d586)
542,4125,122,0,4300394, (0x77de1aeda4a1b6c34846412845c7b243dcd7ef7edcaea90ded9e80fa5203c41f)
562,4150,1,0,343600, (0x75e0f50843c6dce96d51d532f24a269e7b9ebcb1a36525489273d266ed29dd4a)
565,4153,217,62,9159947, (0xa7df32c0ea5d840b11c1a13493bca9411c54eb867eee3cd1ed60a5aa5e70bf7d)
566,4154,300,85,12618180, (0xbafca90d66f121ed6766952cc6387a70b460d61323612a01c1b6365fd0a95d55)
567,4155,301,94,12583955, (0xc99f9378decb4edfe29b843e01b3d405afafe2e506f30a79739eabc07e274741)
568,4156,182,0,7671418, (0x5ca8a441ea37a386b73c876ef3a8858f32402e5645a26bb2874a68ed20882f27)
584,4183,270,128,9500454, (0x70b707c1d34458ff33676307168e25d254cf0a36ec66eaeb6560ea354179bb25)
585,4184,300,118,10557876, (0xf594147a94ee0137fe6e9caafe7ce9410e03029bf0f7be5f8c03569ab0451528)
586,4185,300,123,10574664, (0x03d0fd7c792964564522acb9786f0a7b48d1211cca678fe0863514615c39da04)
587,4186,130,0,4582498, (0x1721bd99f9697ea97825ad250684f49b7d44276a71f9ca5df0dc588b7a6bef0c)
604,4209,1,0,343600, (0xc86b421cf6206132fce4b18c974ce0760406dac1cc9905dbd706ecdfca305dee)
606,4212,192,64,8095632, (0xf84eb48a524890d4dda2033b9bb8995d0c626af047ca68a93841471f0decb5a9)
607,4213,300,87,12618180, (0x16c606c82dbd81c28aa025304bade065a168036c0745c03956796da6fec0100f)
608,4214,301,89,12603155, (0xffc89f75fc912f880ccc7e5f1c09016530168bdfd44881c685dbf3796e74c776)
609,4215,207,0,8716533, (0x79390329f7e9792fcbaece6546f479416a21927cbc3572d0497ab5deb3e83ff1)
626,4242,268,117,9438592, (0xd523cea8037071fd6c7545295cad664538fe16efd52f1c0d4baa5fb746cfd0c7)
627,4243,302,126,10603418, (0xd91ecdfa4f0f2f905341f88dcd757872fd87417fba159e5c9b6545c579b557a4)
628,4244,299,115,10531043, (0xd5144d0fffb6b36f350d634f8f1b7f852160120dbe86dd36d38de6c4ddf780aa)
629,4245,131,0,4600739, (0x51fa01d5246503c24e0a916e7ae26812192580b4913fce82ac739b630cd8fefe)
646,4269,1,0,343600, (0x4cc703d0ab9905e15a62818f922d75df827bb8a62e61a1a482f8a334fb71f77d)
648,4272,192,56,8095644, (0xa64bcd060357dfd5486e6b961a2345164db415885594bf3b7364d45246f0650e)
649,4273,299,106,12575605, (0xedbd202e4ce29f7f55675aca73d4a83f223583c31ae4b3e608309e5e5798910b)
650,4274,301,96,12622355, (0xd12485e30fc98869608b1d64627fa7edde5a8f5793b5bdfd44fd1a71c7966684)
651,4275,208,0,8739896, (0x88c0e21969e184a618f08552687c21d6b8b9b94114f76556a9cbce2fe79392bc)
671,4302,275,145,9693647, (0x567c6a25b177ad163c11f67371219c190af6b1d1fe1b5da15f3b94d5c76bc9a3)
672,4303,300,146,10566372, (0xd19e4a0f1cae3f7b766abf2e9255db206d0ae230d65550d521b65e5e7dd1028b)
673,4304,300,125,10566324, (0x5f698c02a4235217d48bb1f57dfbad5d745f3c1b0b960f10577b8c362832a89c)
674,4305,125,0,4406189, (0x29b5b19671d7ed1b3f601348fd74d02fe8369926ba9313585797eccda357d1ec)
703,4340,208,60,8776808, (0x208d501d1c33dbd8fe62f2d68f2cad9e382ba2f766d343136b4a27f706415940)
704,4341,300,93,12618180, (0x1fd2bf47d6ad28ec9b903a9c5b5a174d01d54192c3b23b3cde4c370fb4c6b1fe)
705,4342,301,94,12583955, (0x0a3674544efa057b6ed828769309ac2e1876e3bbc00b4af3d4cd2872909d5549)
706,4343,191,0,8054557, (0x60e1ce03089feb2662e5882352b940331ac2c8ce08ff430deefd22686c3eefc2)
719,4370,260,123,9156368, (0x7a3a25c556e1355cd9f17842879445a8008e4f88bff252ac9d9b8026b1cced72)
720,4371,300,144,10574904, (0x699db6c2bbc3a636e9b03f59348b135c22aa5bd2b72896f2fdcd825f35f659fb)
721,4372,300,123,10557924, (0xae579f4719266b386df955ad5faed20e4cf85a114d132d100bfbe0b2cce0204f)
722,4373,140,0,4934912, (0xc1f1a899615c76cc593fee18f9d2dbb5438667aa7900b1d07c37f3fd2e4331cf)
734,4398,1,0,343600, (0x9e8575cbd1502d7f91f301897f61bafb1712c7ae0ecbb1644518ff307eee4dfe)
736,4401,211,62,8904509, (0x6d2d452f173724f3e373720d3ce4c38df123db74fbf3f4fccfa65d2cb40bdf45)
737,4402,299,87,12575617, (0x01b9cf8137a9ca8b2e3f3b463ae79afc1905ad27c0720b6694537e4962e083e4)
738,4403,302,101,12626518, (0x3e15baa1de5f9f527d70a1808efd6ce6781f6ceedfa089765574ea92213d109c)
739,4404,188,0,7926856, (0xe6b36ffd3eb6bdc7ba1fd37eca7ecf6c284ecd06b0501a1b534cfdb2433a98da)
757,4431,270,116,9500478, (0x5bb70f20e7d3a8dde25033d90252802ddbd71b4dc039d8a0407c88c5c05285ec)
758,4432,300,124,10574592, (0x1ee52f2b3b7e994c363691fee1b1737809f728f2270aea806f4ff97db6f94ce2)
759,4433,300,130,10558044, (0xb2d1605ce3824feed3bec8321ac3230a980403e74cd9c251cbbcb6347358e345)
760,4434,130,0,4574014, (0x86cbed4a00485d4a5a35e43bfc319394bfe6ee174e8d7ce2fb0a40121b95bf4e)
772,4458,1,0,343600, (0xd2643a0157287d5ad08c7985652a526cbb26fde470950b204cee33d77d497bff)
775,4461,273,144,11505627, (0x752e8667017c806431ff72521af8e432791597c4e78e73919f611f263ebdfd39)
776,4462,401,158,16802803, (0xeaa8bc423569786f927f6bb6cf4a37f3af8daa07196095a4e6f6d22b4f0e10b4)
777,4463,326,0,13725070, (0xbcb6168926aac466363ac4912ad0c72983662a5e05b323f0f0c52db72a5d74c1)
790,4489,239,156,8407871, (0x9bad4b23f34a63c01d3f699fc0ac4a95392bc0484fdd83b8239992cfc138c174)
791,4490,400,227,14091112, (0x463e423201379689c2da38600bc93ac0599066d8f04972ab3175683351dd69b3)
792,4491,361,0,12708277, (0xf7d9c43587101eb4bc1d6ac149214fe7903d457821873ce23ea47261eda1ead9)
813,4518,298,131,12531530, (0xf65032f9b6c6e8ffb6090cfe6587b22caf6000c836289bd818767ced40bac329)
814,4519,400,191,16798640, (0x6d422065fb322eb63a264b355f618f74661d71db2b739edfa3b0a5557a218d3e)
815,4520,302,0,12703330, (0x652a5cfc031b24bd677f32dc575c6b542c04bc296a161c4e8e84eeab67dc7942)
830,4546,219,166,7694259, (0x117d522e59371ef6e6cc66025f7822779efce1a7dbbfda838d46e3cf7caaa13f)
831,4547,401,281,14126597, (0x17eb93884312713e3f00d106efb21cdb2eec47720dfc757bc7ffb3c7e986afb9)
832,4548,379,1,13342627, (0xc6cdbb43e381df7ea5bc0fb351f82e74f6831129836669514ad9054ed07e6f39)
833,4549,1,0,35257, (0xb3a77187a54af731206ff1a63e8b43e910e9df5aa246199081d7b7cd7eacec01)
848,4576,233,138,9841111, (0x8766dd72a71685d8f6725813ef13f40e5283802530485ae8c47ef0c027df8ad8)
849,4577,403,194,16926365, (0xc8ff414320a90bf7fe223bc9cc84b7f01b27a4e69eaa5d9aab0bfa5efd613473)
850,4578,364,0,15266024, (0xf16ab8fc67b46fd797ccaec8db6072b8ead8d416e9094efd7038cc0512e9be2b)
867,4604,200,134,7049744, (0xb9fe67faaff2fe6a3a2751570d6523aa9906362d72bb1db96b858fb8d4ceaddd)
868,4605,400,250,14074408, (0x8c52075683f4d6afa6c5a03d23bc6e7ee7fa0a0b8fbd1acd335d88e38639330c)
869,4606,395,5,13906667, (0x788d561f89b035f7d2cce207390f9902e4b6f4e8428ad2c12593cc0bb7c7d635)
870,4607,5,0,176249, (0x38f8598ffed00d6bf7f292a756e70699d802ddbfe7900ea36f71d2eb02a13dd2)
900,4639,1,0,343600, (0xde0125a353eb395eac6666d8f2c8270a0876d9bd3536f1f242e17a65eb75ac78)
903,4642,255,100,10777713, (0x00952f6c297fa95cdfa96dedfd682af8bf852f224a9b7f4d25825982f67f6388)
904,4643,401,169,16802803, (0x1883729fb27705519279530da5bd4e4906037d00ba45c02afb9af3707aa05709)
905,4644,344,0,14452984, (0xcf06dc2135bc04bcfe185ba6ed3fcc2bb1ab10ce43322b8cb586a133b4dd8c36)
923,4670,220,171,7754884, (0x301d914f0838623184823cc8b1277fe659546d44dad2691b65fe3211db638f52)
924,4671,403,215,14205283, (0x967d6361e4d6eca5ab62389b7ff2a3ec6fcef4758c769a6e9d3e75a647b92b32)
925,4672,377,0,13272137, (0x83b46e5e3c439507cdd98ab4a90d86cafc3b08959203c684f7c8492b21e02258)
942,4696,1,0,343600, (0x74c2974658346ca5a7503f7b4f97221459883be27d1839800841bdd099388fe8)
945,4699,263,118,11118301, (0x05ed21f66ad97d2879b94a624dee440ad4208c3dc27f2167b643852d1c7154a9)
946,4700,400,161,16760240, (0xee102203886d3fd747e3beb1a630f2a50b844c0dacd78ccc2be7a9c4ffc89081)
947,4701,337,0,14154959, (0xf760dac47b4b8622428f0ab50a690e735e840084c04518c8fa7f3e1354601507)
961,4727,234,157,8248530, (0xf4628bec22dcfa54ee78f85c8e280aaf677321a2122a6bae456946dace3ff281)
962,4728,396,222,13933440, (0xa444705249274035982beb3377a433fd7786e5bf7f8437beeff2f2d353051bec)
963,4729,370,0,13042270, (0x9f49baa218d3b65a2638b1e353b110d3f2cb853c3c3fc5c28e8afc2f69f7bab0)
982,4754,1,0,343600, (0xe611e8d89f5530d6e6d3e6f59d7c48b7f6daf3c60af46f8e4c489793d663b88e)
984,4757,369,240,15554187, (0xdbd830e6ab08004c507acaa8b39bb98adbcfc0a56fcdc815b84278a5d1bd6439)
985,4758,502,129,21064250, (0xfdf8e1a1a378a9beb05bb46ce8b57562ef23ca9ca5c250a21f18c5a7c83d69b0)
986,4759,129,0,5415063, (0xf1c9256f4832a4783be319cf85c905f28cff12539fe070b3219715429e1beee4)
1009,4784,150,215,5287434, (0x17adf4eeac0bdbf130f20df17d47a57dcf1f7780b6eb9e40358015f4198dba41)
1010,4785,500,350,17616212, (0xaae3129591ef7b3a27f8e8ce0011eff1b99c1f2b837c670ec48fbf8bf1d4dbda)
1011,4786,350,0,12328694, (0x93672403bb709cf72e721e5c366783a0ef136e39f3627d559c33aff86018a1fd)
1031,4811,1,0,343600, (0x4e25dd4e2bf7b8bef5de66c529bf84b15c3893687a1be2dc018c48b6a789d4ae)
1033,4814,331,198,13936457, (0xc9519f6989df79b752fc7f9927a5ff6a72f7047b9ddcdd847f6d05c8a6786118)
1034,4815,501,168,21021675, (0xcf497fd783729cb19f9f5133775c6f50bf4879936e66856752423dfe3ec7b3af)
1035,4816,168,0,7075368, (0xd139d78664a18d19243f45fb0cba35d9e6c4d1250c522f96b0c80d22c21a6f99)
1053,4841,130,145,4582570, (0xff355ef0b5d330ed8b5e4e7c1865218e0db8918c8c1004ed7668f9fd0af1dc69)
1054,4842,500,370,17599220, (0xa0cda9fce48cab11c0c28629b06ed9a8f8a0f9d0a987523e430da93941f7dbdf)
1055,4843,370,0,13016914, (0xde8064185858815e1553bc6b47844aad6e5b9e13b46dc3a41307809e331934be)
1076,4867,1,0,343600, (0xae8a5fcdcade24b53a1fca3b1005b270de3aa80453c571918ebfeafddaece757)
1079,4870,340,197,14319584, (0x093c71d91683da9b56de1590d7d366c46ccca41a356708fbbb5cfa55c3b1d2a3)
1080,4871,503,157,21106825, (0x203277688a1763ea50f5c78cd9f4ee312eca1ac2a841feb4d90e83f3e067c0a1)
1081,4872,157,0,6607091, (0x3c615446843bd9dea5bc95f5a90a10a8c1f37bc1e88f13d9e7d0fde16ac6fbde)
1099,4897,133,132,4679641, (0x457ee421097b15ce3aa4e8c296ff483c6203cf56bbe4d8af2fff6e3695c813ef)
1100,4898,500,367,17599592, (0xc9967031845825873e613a143b02023120f4ab63b8e3376154cba0bdab42583c)
1101,4899,367,0,12919555, (0xcea092a3ab358a9076a198b5a72981c41a7e941f66b4909757794121b32ce027)
1122,4923,1,0,343600, (0x74744a1f49d588a0f1c7b34887dd69967dd6274eb0ba6a4e9f8b39a1bbb01aad)
1125,4926,323,215,13595857, (0x9ef7ee17fa6ace984815a204bb6cdf2a58b9131e727c1ee44d4dd4928ee355ed)
1126,4927,502,175,21064250, (0x08e5495e49903230a2b154a94e8032822e8d24d750076ed4c9bef9356ba61a83)
1127,4928,175,0,7373393, (0x6a96b4d929395e6a1e47fe52c6e80f2846a266d40ae77310eb050b82b6a2ae0f)
1141,4953,109,118,3842077, (0x39b2c94ec97e321672eb967111315f90de18ebb517363638d59a43fe6201e59d)
1142,4954,499,392,17580583, (0xf34061b60208e59ef5012cc123905fdf91c8e509b380af434aad18a6ec5d0d29)
1143,4955,392,0,13792364, (0x4d631d83e180d312ebd4770debe8064b7856e7116a8ce33278ea9949a85b9c61)
1155,4988,1,0,343600, (0x94a8c5f96ca278ceb69557dea10248a5607ad2047645de2f5b9b8b0dd0ef9f1c)
1158,4991,300,700,12616668, (0xb31e32e49db3893f1cf95dba412ff6311cd5192909fa167489e17f67bd1e563b)
1159,4992,700,0,29416832, (0x2e1f2e1c4c53c3ac69379a9f4d858f06b40e8e5770ed3c8d00b45d76d4b5f43b)
1168,5018,130,166,4582270, (0x4ba5e441708c7911cce67775d5cb68508e20ab41f49964e783e3b2ddb548d889)
1169,5019,508,362,17881720, (0xd4a37192b80bd035a3fe4a36c4b92c88772f540b3110cbf9bce5f0961200d6c6)
1170,5020,362,0,12734966, (0xaa2aa048d25630cc8ad8bc4fd50563e7b42969ea6b043d252e0e9a4e97b34f75)
1192,5044,1,0,343600, (0xbb30d677f518f046ea831edb041d8cef4e0724a85dbd79aebbcba3c4ca07371e)
1195,5047,430,387,18074318, (0x21674fb7e6d8242046fa5d78bc553cc417f2752f7f3461dc519f25531897886a)
1196,5048,513,57,21609459, (0xfddff9d411756491cd80013596cc35d906abcfe25f9bc7d6822f27a4b27c2b7b)
1197,5049,57,0,2349723, (0xdae65da92be74a0dfe5e0126029ebbad7291577262bbcde6aca6aeba42d73a25)
1217,5074,400,518,14091244, (0x37c181caa718cb32f377dfa7e3092274ec6a18738199c02ae80cccabdee730ba)
1218,5075,547,53,19264543, (0xe6705ca05fd25a0dc3d4fd4271a25bb19b4ecc3ca7d4dcacfdc05d96a5eb35f9)
1219,5076,53,0,1868093, (0x5cfdb83de422bf64ec4db4ac0dd29a6fefdea07ffac45a0775b88641454ae416)
1238,5101,1,0,343600, (0xc1ba956279c229527fee93d6cc37c3cf23441ab176ca7ef9b35175bd6df75029)
1240,5104,422,412,17733742, (0x23d3f95bb69d68786efdb2e277060b556b8611a75e0ecdd71956af7b6f9efb9c)
1241,5105,550,28,23107658, (0x6cd1bbe906ef95b1168e536dff67b1214b663138f77fcaf6f63e5787be89e660)
1242,5106,28,0,1192100, (0xd1db3fcb2a6b4a32016a5b87c7edb86570d1a667cdbc59796cbd1b6bc01272d9)
1260,5131,434,565,15264542, (0x6fe2d483c327d3493386b9021c7379625340cb63b283ee7462a083b7f83955fa)
1261,5132,566,0,19951034, (0xcad5b92498b1d4baeed945c51161f511deee8025d99f3581f98f9b12254bfbf5)
1275,5160,419,375,17606017, (0x3110f020913b3859ab5b01ac0de7924884a34760c56b9ff9bf1c8476d0e03845)
1276,5161,581,0,24427483, (0x5fb24770afa4e4d4fe349722b222fb34117b87f887e4351f475d8c041d42503a)
1292,5186,37,77,1295773, (0x0348f6b7f518117c57e720e411e6615d96aa997b21020caf05a159f971c8a93e)
1293,5187,604,359,21273448, (0x7ae09b0e8d7e70d2d0891de61dbdba96e0be4d609c64ef745116dd5739e492e7)
1294,5188,359,0,12654623, (0x88bb366b821c02501345fbc9ef92c84aff345717dc7e71112bdd9f79db9e3d1d)
1315,5212,1,0,343600, (0xda3adc63419dd94376629e6902c5f3c4e14372f1a14b856be85097cde1d15b7c)
1318,5215,411,360,17323077, (0xa3ca7c76bc63fa8717cd7dd70b66c783bb5ac221688a1f2d8b88e21234040e7d)
1319,5216,566,23,23731198, (0xa7718af7c8bebfa582a3b0493b8383aa0353f5f3384693f03d077cfc5a35b933)
1320,5217,23,0,979225, (0xfcd90566a243122fc75c1473a5f0a9b37d8ddcc909aece190e34da4d05d4ae5f)
1333,5242,440,520,15492896, (0xe6c1d2c9ef5f0f79df1ed7cb28715d40135dc94b931de0dbe260e8d75c2ccce3)
1334,5243,537,23,18903453, (0x28fc796ea10d70231d3e045aab406e3cdf19dfcdc0b3370dd11a0d8bfcd1d755)
1335,5244,23,0,810815, (0x236c5cd0dfdde3807ed8f96bf3f0cc602b2035ac170a15d21c0a8cd74f6562d9)
1343,5268,1,0,343600, (0x9d27313072026faa15f8a94f0d5a33f0fb7e0d012f89e1522b35da083a275ba2)
1346,5271,434,427,18244606, (0x809b4ed6ac7d73c6f55896fe3dfa50bf3a08710ba99cbaeac82e1efa1e851ac1)
1347,5272,543,23,22848261, (0x99e131a1788ca71148978c25786fdae0734184aca7975b5a5ab0af594f2b592f)
1348,5273,23,0,940633, (0xb2be2ba6b258d7b90369654b249cabebdc5af9eb470236de08218fe224db09ce)
1367,5298,465,503,16365693, (0xeea0c12caeb28d9abc3b10ed6e25a77939e2c6b5b491b356a4408377708e60a3)
1368,5299,520,15,18295996, (0x8e15f0e851de303689292b811ca45eeef33245da305c6e4ce874f06350ce257c)
1369,5300,15,0,520407, (0x4d873e8fc3eaba5af0ef2920e274d15bd9b308daa0f2a1d0d767bd26df47a617)
1388,5334,470,530,19777234, (0x92c2dd0440cf5674d3461d88212ccf92578ee46adb2e1233b55b9eab6a5e687f)
1389,5335,530,0,22256266, (0xd1bfac5f2e52ded9ae8890696578917eca79f76312c6b4733a235f7743d5858e)
1409,5360,247,461,8698111, (0xd9be2a6e9d7a970e9f50b57ed531d9eaa319108106c2482a18f1db48fcfb938e)
1410,5361,677,76,23847317, (0xda140593971ea72a2eec7daa97123235e0f79f4529bdd65266a38d5405f9c565)
1411,5362,76,0,2678632, (0x0425f8d647e78084ee529978a92476eaab364543c11831cfaa3929e056627f7a)
1425,5386,1,0,343600, (0x5c662764db1a99791c48e744b0f70124152b102cb1b026b07178fd874026e2e1)
1428,5389,488,461,20543524, (0x87749cd7a8b4b6fb0888f978a0c288501472e5ffe9c7b6fcc8f4c2690196d793)
1429,5390,512,0,21489976, (0x278e2f2c8c09a0dbfc4d556a50df94374c8f5d78af1d33ff35395a601c1e0d76)
1445,5415,296,465,10425320, (0x0b8d0b9bea2fe1a2192126f9bbc5bca177d504d391e157ae6c221ac4f7388b25)
1446,5416,692,12,24376004, (0xf9c71b9b3c137e4a3f4621494e09c91f7f8cb39ecf8147d580be5a9f838e331e)
1447,5417,12,0,422892, (0x6a3468c6a5b8d7d83b8393ba47b8ebb559fda610f5597155552beb7abb9c2a13)
1468,5442,1,0,343600, (0xc6d23f84b6e8b976e5bab4502de5769df4922f9aa409bbbb68bdec5d57db5c0d)
1470,5445,426,552,17904030, (0x92aef6a3eec74cab7992ba17e6cc7931e046f8e928115130778444c6d45ec694)
1471,5446,574,0,24129470, (0x29ed9f03bdadde7577f4e23b33b14e9c2ddafd7193fc4f2c731d09cff91efb09)
1486,5471,138,288,4864338, (0x51f8cd531331be87bb082429662ea85caa3ca2d292e5b7cc6b5142a25795ad74)
1487,5472,698,164,24562166, (0x0aeaff57ed9341fcc985d79fea564a25c3fb0e174d1833bb1caeff06e6b55001)
1488,5473,164,0,5780900, (0x33ee4a7abd9fbe4af3f19d9373117bb5f798e45d196666333dd39f65d1bfb6d9)
1496,5498,1,0,343600, (0xb4f52a6ecb0e7ff1e01faa15b5d7497764de482e3415f9ea6935989faca0fbea)
1498,5501,401,439,16916539, (0x743cda3ca2c5cdec2545982a57d1ccf87979f2a1473aaa548c194f6929cf0a84)
1499,5502,599,0,25116961, (0x871bf4752371bb40a3e2df31b18e6f502206386d242bbd8f6a310d3b386c3279)
1512,5527,176,391,6203960, (0x1be6f0ad5a43664f6ffd0109eb7fe539333a337bc4fb98e35be8ad5249b8ee34)
1513,5528,698,126,24578618, (0xc33a96ec3c1f7b9b9c020ce739e35e5bf50a35d50dba97b285727400c873768c)
1514,5529,126,0,4441422, (0x4fb1c96429acbbd0818b3e5585045a40682911d07b7264d630646af222ea47ca)
1531,5553,1,0,343600, (0x0e43a6113ee85cf308809b19f60c978db44a900af8b5eaf5af3dc791d43c1d92)
1533,5556,492,508,20713812, (0xea6d3f8974592db5f0dc66c78a651635a788529009ac77d4c164c67095e5720d)
1534,5557,508,0,21319688, (0x34c7434192f7a0fa8547fa35a3a38132cb497b79e755f9358a2a643e4a590b48)
1551,5582,279,464,9800979, (0x93afb48051a825a1e730920c58d9b1d3d537f6f30b2b56d540fe43af2bfdc0ef)
1552,5583,697,24,24535117, (0x73e84a7b6c1ea786435e6fa184400e74415cf3176aeb73a4097182151397857b)
1553,5584,24,0,837576, (0xd60bacc053a901d8b7ba389b39e6a131cc317470227ef62dd70d7ae606eb2988)
1573,5610,1,0,343600, (0x189ce447d3ba3cf777c807d131b9a996d689058b966c5e5dcd3dcdf6ab7737fd)
1576,5613,543,457,22808121, (0x45fd2fb9a361191e7952bee214a1f25682701622d5c285d98b88c6b95a0b5b86)
1577,5614,457,0,19225379, (0x558ae444feb393b23f31fa2d5843f8e2c88a3a93bc8b16c0875b8e1c6c21075b)
1598,5641,770,230,27099794, (0x0ef351b890d4a3a54753a3981960a2e8a4dd8ffe88e6578aec07539c9e292bca)
1599,5642,230,0,8098994, (0xf55bc7e8cdc21e0074d68c5011fba92517222d390e63feddc6e5c3b6e80dbaaf)
1607,5677,1,0,343600, (0x6511b08528b8fa1a255d626d07cdfaa1d57cdc54ab196aaac4fb1207dec78e91)
1608,5680,526,474,22122878, (0x5acd5b022b8f71c9505f87874834072ea54b14e65488e1bcd8956f7723d0b296)
1609,5681,474,0,19910622, (0xe1d4a7f6fd5655f34abfe027e2678d552331389eb2dd2a7dda0d6b602e58b580)
1629,5706,498,502,17545686, (0x30435df17370ab0363020a9a41680372ec0e01e0cefa6ef62ec8b25eb4232c6f)
1630,5707,502,0,17678158, (0xaabc71a2a9efdf426c4a8cf7f9b4217d21b84a1e5271adfa9c89866f0d2b061c)
1645,5732,1,0,343600, (0xf80cffa7d88e55fd0d784538f6c9f249e33baa435eb5521ea777262aa28d8853)
1647,5735,528,472,22169604, (0xc022cc5fcb072bda078853604f271372a6c492cdd6befb32440fa76ca25c931c)
1648,5736,472,0,19863896, (0xa9defd096e2874c3266245558d33ec7cc6b5f16bfc707bb374784927a0e50822)
1668,5761,495,505,17414535, (0x5cdad7abb98cfe7973afe416bcfb7e3424ba57c6279f634e3a6a0787518a606c)
1669,5762,505,0,17767309, (0xdef07b62e452069e2051e2eee9f89e60b665c4973273636ff025bafe9d18f1c5)
1684,5788,1,0,343600, (0xe574a09621c3e6384a19d3332d4bd2282238b13a0b01498abbd88e656aaf2931)
1687,5791,528,472,22227240, (0x6abcc05eeafe645c2090297aa1c51d219a5f926f6ec8804d4a83342c0ec77ccd)
1688,5792,472,0,19806260, (0xb4271d259da427ac3300ca84199d0c6fcb5341d9b9143791d7d694fc9916b8f6)
1703,5817,247,753,8681323, (0x9e105bf84f6b60be69b80b4d500255ba4b4cb046dcd41f146ed9b97e9dcf105d)
1704,5818,716,37,25204688, (0xd103f611a1d727b532f7902f16d45253618db3ef6c683f4290247f92898cefea)
1705,5819,37,0,1295953, (0xf396b7f348c2d46087fdb39abb6d38c37aca3398b5e529065a21af3db1b10e9d)
1720,5844,1,0,343600, (0x475d569c7626f9c3a1d2b264bcd359e0eec5144af25ffee934a1e3b95abd6350)
1722,5847,536,464,22510204, (0xe0703a058ea1d3b27f1d7708b0678f296b2e836e0df1f5551dbf2a8844842b59)
1723,5848,464,0,19523296, (0xa5cecae31fe81d81ad811cfb1084849656dd0d8fc7d5def4f9221492d49a1c31)
1734,5873,433,567,15237637, (0xc399c45041750e7d9fa4f33dabd8c6054ccfae246b032f3f134ec5a3585df2e7)
1749,5902,582,418,24468546, (0x25532686c1c16feaa8259b51b5bfc20cf98fd37281a07db5735f69a7fceed5ba)
1750,5903,418,0,17564954, (0x8ad5ef35e83e8475621d83dcc4890ff889ecffe3306b014f42b636ed1750ca12)
1761,5928,799,158,28122163, (0xe9c54c2ed2854a092ae094fadc8ac06671fa0b6fb72033379e99abc41247eb60)
1762,5929,201,0,7085241, (0x4137308b8ee910fd3d6c8a603a7b3275c9faab9c850d3c0556db9d1be7ac2de6)
1780,5955,1,0,343600, (0x5e37a613a6abfeab1d5dee29f078b07ef5d38aee82b441d923e121a9dcb98c82)
1781,5958,611,389,25703257, (0x2e8cf78f1fd8631166e0b706f22ced73f1f949cde8fc8e73f59fe63f134f9e6b)
1782,5959,389,0,16330243, (0x40370b6bdb7928400bd5716536ad8b3a8d02a6bbdbaf51209a2ce80e070d0cb6)
1801,5984,688,170,24243040, (0x49be74068ec73f3cfb7687ae4fc29f7fd32249495aa91fecc92f14bab3fa6254)
1802,5985,312,0,10997568, (0xa97ef9176e2e5feb5a22be312b57a3db7d88e9c5133816e52aaa4f98d47bc707)
1816,6017,1,0,343600, (0x1a44ab99d4508c903ec0c7d7f6be5f0e909c47c53e011af43dafea1b585d4f48)
1817,6020,643,357,27046253, (0xfeee680447673612be59c077421dd3638e9ea498b53d297bda674e01ceaf2dcc)
1818,6021,357,0,14987247, (0xe63c5e80a9380158c91bc16f23f2c4e6e088734ae60b795cc6a32de675ad56ff)
1832,6046,541,459,19061461, (0x08f58fe7990450c4e8029df8d4f089a5bc38f8d8c1e585a23740bd9bd7749a14)
1833,6047,459,0,16179555, (0x0495e606a99a6c4b5f8df7b7b1712a586e803fd2d098e8364638aa4d3f006fbe)
1853,6072,1,0,343600, (0x73994242335399768f9b9932c4ba44cdb8958e691ff7635faa10e059870e9cda)
1856,6075,622,378,26171450, (0x4670eb0e89a41a12cc678dd9f7c9d31dfe1e9d35deac70e3ede6b1e9180c3c19)
1857,6076,378,0,15862050, (0x71e954906515db2b10f2bf5f931ff8e3a46a3cd19fcb3b19f1b5cb7813e4663b)
1873,6101,545,455,19185581, (0x68e110fe5d330530c7e9b2e2abdb529831ca1b42263e0a72b8b7f267fc825c5d)
1874,6102,455,0,16038527, (0x06b3dc2313396405c567a086cc6d7e099cbd6c4b07b6ad9815b03edc318477de)
1893,6131,673,327,28265843, (0xd5eeff1cdac57a6aa3540067094ad66d7176a1c4ddd23a4ca16bbfe3c67c322f)
1894,6132,327,0,13767657, (0xa3c3daf9f043b96ace09bf049cd87bf0160a1f20a476f1dddd1478a3bcb30b4a)
1910,6157,725,275,25522325, (0x95532e10f9119caf46d297a5799ae27ef218a5468632a348cf842adcae5e773b)
1911,6158,275,0,9676763, (0x18d2a262faad07baf86cda68b741c3c8b015dd6d411df324d651faebf9499f40)
1925,6187,613,387,25788299, (0x1c469262b78170c4aba22de4d1193a3fbd8f7d4a61e1a9af00089b7f4efd2cb9)
1926,6188,387,0,16245201, (0x85b31881c2dd2332035d7a30270e5ee30d0b80dcbdcdd5aa975c22c7521e24d0)
1941,6213,938,62,33029966, (0xcde9df425b4b0dd5e829abde33bfeb63d92b876fc8a8c8da985d97bb6205bc7a)
1942,6214,62,0,2185478, (0x8e14eb52c44bc76e59a887cce8a0b2fab1988b1d7153c8f18b9fbfd67dbc4ce4)
1961,6239,1,0,343600, (0xaa520cfbae4e34c66c328e5e596cf5aee3183659166e89b0e3ef77c7423782d1)
1963,6242,659,341,27708241, (0x70f54c5961b28bb349243c70338fc3cbff43144192040a446293c9ca5179c373)
1964,6243,341,0,14325259, (0xd6e4d2359a1186a6a8dc8da2f63b502d28ce62727d5deb081b1173000a3f56bf)
1977,6268,658,342,23160490, (0x7d807815b2044b60a3ec088dcfe2591a67b1e591c6def931ba71fbfc3533fd7b)
1978,6269,342,0,12046890, (0x79bea98dac46b9f3b5bd61bdace6b834318a419364b684344bd646bd3e56ffdd)
2001,6295,1,0,343600, (0x4770e603fe621740c02da34db1a8aa1e8fb2a0dc51e06ebc0bc1c9ee00bc746f)
2004,6298,593,407,24936835, (0x500467eee3c81aa1af6c3a8c07b62b719a1f8a58de07d392ae3e9f1ab83a0e04)
2005,6299,407,0,17096665, (0xc74a6118032f09c5845502bba689f09970bffb80cf32d0cb1f89bcd9beef420a)
2023,6324,933,67,32828349, (0xef8e87a99db1d389326ebb1f6bea31eff903110c5fcc37af08edadfcab91a813)
2024,6325,67,0,2361679, (0x8bce5bacec61cd389e0d2c33a6df71f009191745c7c7e71058120613ec18e626)
2048,6358,1,0,343600, (0x06451608c445ea1124bfec3442de9854224e74663bbbdb46b0683f3f0d0fe8f6)
2051,6361,677,323,28436143, (0x77285fa28cc647a0d9c8b19d36059b64653ea041adae008e51a09c4b9e558b63)
2052,6362,323,0,13597357, (0x6956dd17e3c517ca2b6353377c7b555009d2029c4a8ebbaea04915d6054bfb5e)
2072,6387,801,199,28192401, (0xf5d4985131a5709f211bf5c7da02e971ec1a31ac3f428502eec21363ec7b5164)
2073,6388,199,0,7014799, (0x72f01aed3d6dbbdd8bd65a3be44b69fe9ae4c3afd7f90dccf8bfff08cbea5a2a)
2095,6413,1,0,343600, (0x67e3e7da85c6d45e08f0041fa2b0afcabfe9759d046bfe7f717741f84f2b0c8f)
2097,6416,602,398,25319998, (0xc97af53d656072907c06b246f77c08f30462091cb0009cfc208b1578879ca404)
2098,6417,398,0,16713502, (0x9d315484271094c5ed172781b2afc0a51159c6ed18e05d7122709a8ee14b275e)
2113,6442,556,444,19581700, (0xf06683ad4f864ba64374efbafb7370d41aa06a26258a8d8e0423ed7cd9e625e7)
2114,6443,444,0,15617136, (0xea387ccb38b877f3f852cf6ec0a3aabbf8294d28f727870f13f9daedcd98cbfe)
